time_min,signal_au
0,1.9287498479639178e-22
0.016666666666666666,2.7914370786656853e-22
0.033333333333333333,4.0344472455390372e-22
0.050000000000000003,5.8229692815372225e-22
0.066666666666666666,8.3928452794080127e-22
0.083333333333333329,1.2080313224063249e-21
0.10000000000000001,1.7364066202619329e-21
0.11666666666666667,2.4924642100951525e-21
0.13333333333333333,3.5728163139234062e-21
0.14999999999999999,5.1144237318037472e-21
0.16666666666666666,7.3111717201772306e-21
0.18333333333333332,1.0437140319164094e-20
0.20000000000000001,1.4879225305104685e-20
0.21666666666666667,2.1182800583809515e-20
0.23333333333333334,3.0115542813948519e-20
0.25,4.2756512406558743e-20
0.26666666666666666,6.0620304117568382e-20
0.28333333333333333,8.5829821318206717e-20
0.29999999999999999,1.2135636681257875e-19
0.31666666666666665,1.7135279136362376e-19
0.33333333333333331,2.4161509364024975e-19
0.34999999999999998,3.4022106409714958e-19
0.36666666666666664,4.7841258551368005e-19
0.38333333333333336,6.7181276799176309e-19
0.40000000000000002,9.4210253172207812e-19
0.41666666666666669,1.3193266898324631e-18
0.43333333333333335,1.8450612402761942e-18
0.45000000000000001,2.576757109154981e-18
0.46666666666666667,3.593688585516521e-18
0.48333333333333334,5.0050873058160222e-18
0.5,6.961248457838979e-18
0.51666666666666672,9.6686729885878337e-18
0.53333333333333333,1.3410682141939821e-17
0.55000000000000004,1.8575440702012286e-17
0.56666666666666665,2.5693995474282568e-17
0.58333333333333337,3.5491832264741526e-17
0.59999999999999998,4.895865264586114e-17
0.6166666666666667,6.7442669861390019e-17
0.6333333333333333,9.2777851558374275e-17
0.65000000000000002,1.2745536715638003e-16
0.66666666666666663,1.7485425506358554e-16
0.68333333333333335,2.3955130560065455e-16
0.69999999999999996,3.2773674723610854e-16
0.71666666666666667,4.4777103394768508e-16
0.73333333333333328,6.1092952285293453e-16
0.75,8.3239696769811071e-16
0.76666666666666672,1.1325936599985077e-15
0.78333333333333333,1.5389411870445879e-15
0.80000000000000004,2.0882100405790812e-15
0.81666666666666665,2.8296361571824798e-15
0.83333333333333337,3.8290520760195536e-15
0.84999999999999998,5.174354859326245e-15
0.8666666666666667,6.9827325159258167e-15
0.8833333333333333,9.4102001901011538e-15
0.90000000000000002,1.2664165549094176e-14
0.91666666666666663,1.7019960803078978e-14
0.93333333333333335,2.2842560929884279e-14
0.94999999999999996,3.0615072231998335e-14
0.96666666666666667,4.0976045636588276e-14
0.98333333333333328,5.4768274837374088e-14
1,7.3102518185450685e-14
1.0166666666666666,9.7440583011314337e-14
1.0333333333333334,1.2970349239580728e-13
1.05,1.7241209390355059e-13
1.0666666666666667,2.288695641127525e-13
1.0833333333333333,3.0339793368625563e-13
1.1000000000000001,4.01644158343527e-13
1.1166666666666667,5.3097558359676289e-13
1.1333333333333333,7.0099013629904533e-13
1.1499999999999999,9.2417352506639468e-13
1.1666666666666667,1.2167445204274594e-12
1.1833333333333333,1.5997404825946632e-12
1.2,2.1004092927322602e-12
1.2166666666666666,2.7539914459476261e-12
1.2333333333333334,3.6059981774443328e-12
1.25,4.7151192262368686e-12
1.2666666666666666,6.1569285625729527e-12
1.2833333333333334,8.0285998027757579e-12
1.3,1.0454897183568167e-11
1.3166666666666667,1.3595775414305728e-11
1.3333333333333333,1.7656005590925342e-11
1.3500000000000001,2.289734845645553e-11
1.3666666666666667,2.9653925287900723e-11
1.3833333333333333,3.8351596252598618e-11
1.3999999999999999,4.9532353107322933e-11
1.4166666666666667,6.3884975980678153e-11
1.4333333333333333,8.2283502819240937e-11
1.45,1.058354271389928e-10
1.4666666666666666,1.3594198977772809e-10
1.4833333333333334,1.7437348117029271e-10
1.5,2.233631436203174e-10
1.5166666666666666,2.8572408371377687e-10
1.5333333333333334,3.6499460402322025e-10
1.55,4.6561857712321749e-10
1.5666666666666667,5.931689571912754e-10
1.5833333333333333,7.5462430681557746e-10
1.6000000000000001,9.587103703908483e-10
1.6166666666666667,1.2163213232084964e-09
1.6333333333333333,1.5410384526860949e-09
1.6499999999999999,1.9497677860172377e-09
1.6666666666666667,2.463522685410007e-09
1.6833333333333333,3.1083828270142518e-09
1.7,3.9166674251932169e-09
1.7166666666666666,4.9283682496781915e-09
1.7333333333333334,6.1928971301807251e-09
1.75,7.771213507633599e-09
1.7666666666666666,9.7384104703802962e-09
1.7833333333333334,1.2186852950431691e-08
1.8,1.5229979744712629e-08
1.8166666666666667,1.9006902223371758e-08
1.8333333333333333,2.3687957512450019e-08
1.8500000000000001,2.9481403186637897e-08
1.8666666666666667,3.6641474757783722e-08
1.8833333333333333,4.5478067267009127e-08
1.8999999999999999,5.6368348955987223e-08
1.9166666666666667,6.9770669292517204e-08
1.9333333333333333,8.6241186667464144e-08
1.95,1.0645371411076063e-07
1.9666666666666666,1.312233657873205e-07
1.9833333333333334,1.6153468438299832e-07
2,1.9857504150120978e-07
2.0166666666666666,2.4377423177094717e-07
2.0333333333333332,2.9885132861950598e-07
2.0499999999999998,3.6587003789544163e-07
2.0666666666666669,4.4730397725959973e-07
2.0833333333333335,5.4611352723508806e-07
2.1000000000000001,6.658361469857315e-07
2.1166666666666667,8.106923274675905e-07
2.1333333333333333,9.8570966998413473e-07
2.1499999999999999,1.1968679330025267e-06
2.1666666666666665,1.4512682881906395e-06
2.1833333333333331,1.7573304720307171e-06
2.2000000000000002,2.1250220162321567e-06
2.2166666666666668,2.566124292802495e-06
2.2333333333333334,3.0945407224198102e-06
2.25,3.7266531720786709e-06
2.2666666666666666,4.4817333142087311e-06
2.2833333333333332,5.3824165388124426e-06
2.2999999999999998,6.4552469066326685e-06
2.3166666666666669,7.7313026086022024e-06
2.3333333333333335,9.2469124580358875e-06
2.3500000000000001,1.1044475089776293e-05
2.3666666666666667,1.3173393776587542e-05
2.3833333333333333,1.5691141098333171e-05
2.3999999999999999,1.8664469113520537e-05
2.4166666666666665,2.2170782183896469e-05
2.4333333333333331,2.6299691187538634e-05
2.4500000000000002,3.1154769519014658e-05
2.4666666666666668,3.6855533009179814e-05
2.4833333333333334,4.3539667692108164e-05
2.5,5.1365531189759381e-05
2.5166666666666666,6.0514955360452813e-05
2.5333333333333332,7.1196379745820578e-05
2.5499999999999998,8.3648347229727375e-05
2.5666666666666669,9.8143395164711621e-05
2.5833333333333335,0.00011499237699560249
2.6000000000000001,0.00013454925108033938
2.6166666666666667,0.00015721637493407861
2.6333333333333333,0.00018345034445898191
2.6499999999999999,0.0002137684188180913
2.6666666666666665,0.00024875557241173626
2.6833333333333331,0.00028907221585832744
2.7000000000000002,0.00033546262790251245
2.7166666666666668,0.0003887641397021543
2.7333333333333334,0.0004499171119068136
2.75,0.00051997574325585497
2.7666666666666666,0.00060011974701238032
2.7833333333333332,0.00069166692832579998
2.7999999999999998,0.00079608669149572894
2.8166666666666669,0.0009150145010074209
2.8333333333333335,0.0010502673140396338
2.8500000000000001,0.001203859994828204
2.8666666666666667,0.0013780227127249353
2.8833333333333333,0.0015752193159513698
2.8999999999999999,0.0017981666618475814
2.9166666666666665,0.0020498548718058999
2.9333333333333331,0.0023335684650196671
2.9500000000000002,0.0026529083096449367
2.9666666666666668,0.0030118143129633256
2.9833333333333334,0.0034145887536642609
3,0.003865920139472811
3.0166666666666666,0.0043709074521035398
3.0333333333333332,0.0049350846190142758
3.0499999999999998,0.00556444502779387
3.0666666666666669,0.0062654658744039993
3.0833333333333335,0.0070451321111019228
3.1000000000000001,0.0079109597339302607
3.1166666666666667,0.0088710181234404589
3.1333333333333333,0.0099339511261279274
3.1499999999999999,0.011108996538242311
3.1666666666666665,0.012406003628582846
3.1833333333333331,0.013835448313013339
3.2000000000000002,0.015408445571188825
3.2166666666666668,0.017136758675860529
3.2333333333333334,0.019032804787628452
3.25,0.021109656453671202
3.2666666666666666,0.023381038538354063
3.2833333333333332,0.025861320107248401
3.2999999999999998,0.028565500784551105
3.3166666666666669,0.031509191107718576
3.3333333333333335,0.034708586412856096
3.3500000000000001,0.038180433800539593
3.3666666666666667,0.041941991754749129
3.3833333333333333,0.046010982017885955
3.3999999999999999,0.050405533362772072
3.4166666666666665,0.055144116948378778
3.4333333333333331,0.060245472999983625
3.4500000000000002,0.065728528616616572
3.4666666666666668,0.071612306579008383
3.4833333333333334,0.077915825109666395
3.5,0.084657988622915528
3.5166666666666666,0.091857469596362984
3.5333333333333332,0.099532581795732628
3.5499999999999998,0.1077011451916924
3.5666666666666669,0.1163803430193255
3.5833333333333335,0.12558657154730346
3.6000000000000001,0.13533528324348196
3.6166666666666667,0.14564082414527182
3.6333333333333333,0.15651626636538346
3.6499999999999999,0.16797323678483797
3.6666666666666665,0.18002174310389266
3.6833333333333331,0.19266999853601499
3.7000000000000002,0.20592424653847566
3.7166666666666668,0.21978858707368576
3.7333333333333334,0.23426480598624649
3.75,0.24935220915991857
3.7666666666666666,0.26504746318461303
3.7833333333333332,0.28134444431425065
3.7999999999999998,0.29823409753032626
3.8166666666666669,0.31570430754173723
3.8333333333333335,0.33373978354752076
3.8500000000000001,0.35232195956449092
3.8666666666666667,0.37142891207539624
3.8833333333333333,0.39103529668454057
3.8999999999999999,0.41111230537640331
3.9166666666666665,0.43162764585861874
3.9333333333333331,0.45254554433402422
3.9500000000000002,0.47382677288795833
3.9666666666666668,0.49542870249760329
3.9833333333333334,0.51730538247129854
4,0.53940764690909804
4.0166666666666666,0.56168324854361307
4.0333333333333332,0.58407702007475737
4.0499999999999998,0.60653106285631653
4.0666666666666664,0.62898496252938219
4.083333333333333,0.65137603093111185
4.0999999999999996,0.67363957334067781
4.1166666666666663,0.69570917986153047
4.1333333333333337,0.71751703948427503
4.1500000000000004,0.73899427513160099
4.166666666666667,0.76007129775993476
4.1833333333333336,0.78067817738566303
4.2000000000000002,0.80074502872076314
4.2166666666666668,0.82020240894671803
4.2333333333333334,0.83898172502970048
4.25,0.85701564788641138
4.2666666666666666,0.87423853065020141
4.2833333333333332,0.89058682826179325
4.2999999999999998,0.90599951561757897
4.3166666666666664,0.9204185015494466
4.333333333333333,0.93378903598036622
4.3499999999999996,0.94606010769513593
4.3666666666666663,0.95718483027983536
4.3833333333333337,0.96712081390929772
4.4000000000000004,0.97583052079051025
4.416666666666667,0.9832816021912909
4.4333333333333336,0.98944721508683464
4.4500000000000002,0.9943063165302386
4.4666666666666668,0.99784393388511317
4.4833333333333334,1.0000514090376931
4.5,1.0009266146224711
4.5166666666666666,1.0004741401413881
4.5333333333333332,0.99870544562710528
4.5499999999999998,0.99563898019494301
4.5666666666666664,0.99130026244968839
4.583333333333333,0.98572191927252606
4.5999999999999996,0.97894367902631885
4.6166666666666663,0.97101231470804739
4.6333333333333337,0.96198153207653114
4.6500000000000004,0.95191179733007636
4.666666666666667,0.94087009854759862
4.6833333333333336,0.92892963488890734
4.7000000000000002,0.91616942752988928
4.7166666666666668,0.90267384654271343
4.7333333333333334,0.88853204847498179
4.75,0.87383732028551908
4.7666666666666666,0.85868632660037392
4.7833333333333332,0.84317825899037691
4.7999999999999998,0.82741388815462424
4.8166666666666664,0.81149452251567733
4.833333333333333,0.79552087976165842
4.8499999999999996,0.77959188125129308
4.8666666666666663,0.76380338284627813
4.8833333333333337,0.74824685953949399
4.9000000000000004,0.73300806506981098
4.916666666666667,0.71816569139387432
4.9333333333333336,0.70379005624390811
4.9500000000000002,0.68994184984859175
4.9666666666666668,0.67667097403935961
4.9833333333333334,0.66401550822174682
5,0.65200083689304666
5.0166666666666666,0.64063897239428091
5.0333333333333332,0.62992810429611934
5.0499999999999998,0.61985240318335588
5.0666666666666664,0.61038210162594764
5.083333333333333,0.60147386887390242
5.0999999999999996,0.5930714884209779
5.1166666666666663,0.5851068392453499
5.1333333333333337,0.57750117251160471
5.1500000000000004,0.57016666611760425
5.166666666666667,0.5630082300430781
5.1833333333333336,0.55592552638196602
5.2000000000000002,0.54881515960480343
5.2166666666666668,0.54157298537903265
5.2333333333333334,0.53409648052374359
5.25,0.52628711269328721
5.2666666666666666,0.5180526464091002
5.2833333333333332,0.50930932224903813
5.2999999999999998,0.49998384842622556
5.3166666666666664,0.49001514861549189
5.333333333333333,0.4793558165867054
5.3499999999999996,0.46797323675753388
5.3666666666666663,0.45585033987375212
5.3833333333333337,0.44298597428082703
5.4000000000000004,0.42939488522863889
5.416666666666667,0.4151073068799091
5.4333333333333336,0.40016818368867735
5.4500000000000002,0.38463604910602245
5.4666666666666668,0.36858159971876786
5.4833333333333334,0.35208601155075586
5.5,0.33523905204591131
5.5166666666666666,0.31813704598447368
5.5333333333333332,0.3008807561303129
5.5499999999999998,0.28357323973863768
5.5666666666666664,0.26631774023714827
5.583333333333333,0.24921566958765368
5.5999999999999996,0.23236473127654378
5.6166666666666663,0.21585722687303441
5.6333333333333337,0.19977858098277898
5.6500000000000004,0.18420611058852671
5.666666666666667,0.16920805559513624
5.6833333333333336,0.15484287825987303
5.7000000000000002,0.14115883043996988
5.7166666666666668,0.12819377953622529
5.7333333333333334,0.11597527690933924
5.75,0.10452084658962912
5.7666666666666666,0.093838467420817084
5.7833333333333332,0.083927218439527648
5.7999999999999998,0.074778055296273127
5.8166666666666664,0.06637468481655863
5.833333333333333,0.058694505279053344
5.8499999999999996,0.051709581509226145
5.8666666666666663,0.045387626280662147
5.8833333333333337,0.03969296259418853
5.9000000000000004,0.03458744497174597
5.916666666666667,0.030031321765249818
5.9333333333333336,0.025984024459363021
5.9500000000000002,0.022404873878033898
5.9666666666666668,0.019253696947963451
5.9833333333333334,0.016491351114352456
6,0.014080156559852574
6.0166666666666666,0.011984238989029344
6.0333333333333332,0.010169787876777381
6.0499999999999998,0.0086052367329560089
6.0666666666666664,0.0072613731206853348
6.083333333333333,0.0061113869128016085
6.0999999999999996,0.0051308656233202809
6.1166666666666663,0.0042977456606468414
6.1333333333333337,0.0035922280740271822
6.1500000000000004,0.0029966668633299668
6.166666666666667,0.0024954372524714739
6.1833333333333336,0.0020747905428492499
6.2000000000000002,0.0017227013139667529
6.2166666666666668,0.001428711866472581
6.2333333333333334,0.0011837779434521554
6.25,0.00098011894705319182
6.2666666666666666,0.00081107511035527296
6.2833333333333332,0.00067097340316252425
6.2999999999999998,0.0005550033535666537
6.3166666666666664,0.00045910345810432253
6.333333333333333,0.00037985843138166119
6.3499999999999996,0.00031440720718884637
6.3666666666666663,0.00026036134104064556
6.3833333333333337,0.00021573327083846631
6.4000000000000004,0.00017887375914994846
6.416666666666667,0.00014841775832448646
6.4333333333333336,0.00012323789933362927
6.4500000000000002,0.00010240479836217329
6.4666666666666668,8.5153394031602705e-05
6.4833333333333334,7.0854565849675258e-05
6.5,5.89913351446191e-05
6.5166666666666666,4.9139008426164306e-05
6.5333333333333332,4.0948685819708927e-05
6.5499999999999998,3.4133620810769972e-05
6.5666666666666664,2.8457979654981244e-05
6.583333333333333,2.3727607765911167e-05
6.5999999999999996,1.9782465065144237e-05
6.6166666666666663,1.6490442003487393e-05
6.6333333333333337,1.3742312439833513e-05
6.6500000000000004,1.1447618773065683e-05
6.666666666666667,9.531318841693674e-06
6.6833333333333336,7.9310534526978775e-06
6.7000000000000002,6.59491837810616e-06
6.7166666666666668,5.4796457128059415e-06
6.7333333333333334,4.5491170812436785e-06
6.75,3.7731457661497573e-06
6.7666666666666666,3.1264768366530381e-06
6.7833333333333332,2.587964168886797e-06
6.7999999999999998,2.139891232189674e-06
6.8166666666666664,1.7674089690241602e-06
6.833333333333333,1.4580692960131918e-06
6.8499999999999996,1.2014369269259446e-06
6.8666666666666663,9.8876555978399809e-07
6.8833333333333337,8.1272714091718205e-07
6.9000000000000004,6.6718505182441328e-07
6.916666666666667,5.4700376871889669e-07
6.9333333333333336,4.4788890759540252e-07
6.9500000000000002,3.6625266018429944e-07
6.9666666666666668,2.9910050460670445e-07
6.9833333333333334,2.4393578361216077e-07
7,1.9867931823964697e-07
7.0166666666666666,1.6160169332608441e-07
7.0333333333333332,1.3126623523610602e-07
7.0499999999999998,1.0648101852305409e-07
7.0666666666666664,8.6258500275016541e-08
7.083333333333333,6.9781599089809762e-08
7.0999999999999996,5.6375218160524361e-08
7.1166666666666663,4.5482365308375722e-08
7.1333333333333337,3.6644152104008581e-08
7.1500000000000004,2.9483063569659194e-08
7.166666666666667,2.3688982649272862e-08
7.1833333333333336,1.9007532346159579e-08
7.2000000000000002,1.5230365345880169e-08
7.2166666666666668,1.218708787113748e-08
7.2333333333333334,9.7385529569909576e-09
7.25,7.771299546883866e-09
7.2666666666666666,6.1929488538088961e-09
7.2833333333333332,4.9283992061278915e-09
7.2999999999999998,3.9166858703824553e-09
7.3166666666666664,3.1083937687163351e-09
7.333333333333333,2.4635291472538499e-09
7.3499999999999996,1.9497715852669166e-09
7.3666666666666663,1.5410406765541345e-09
7.3833333333333337,1.2163226191636992e-09
7.4000000000000004,9.5871112225740765e-10
7.416666666666667,7.5462474108710614e-10
7.4333333333333336,5.9316920691036567e-10
7.4500000000000002,4.6561872008235956e-10
7.4666666666666668,3.6499468550151375e-10
7.4833333333333334,2.8572412994567431e-10
7.5,2.2336316973659726e-10
7.5166666666666666,1.743734958578885e-10
7.5333333333333332,1.3594199800128898e-10
7.5499999999999998,1.0583543172293271e-10
7.5666666666666664,8.2283505363068803e-11
7.583333333333333,6.3884977386098791e-11
7.5999999999999996,4.9532353880350771e-11
7.6166666666666663,3.8351596675903456e-11
7.6333333333333337,2.965392551867137e-11
7.6500000000000004,2.2897348581705667e-11
7.666666666666667,1.7656005658603169e-11
7.6833333333333336,1.3595775450712638e-11
7.7000000000000002,1.0454897203066211e-11
7.7166666666666668,8.0285998131718009e-12
7.7333333333333334,6.1569285680913743e-12
7.75,4.7151192291531642e-12
7.7666666666666666,3.6059981789786599e-12
7.7833333333333332,2.7539914467512894e-12
7.7999999999999998,2.1004092931513435e-12
7.8166666666666664,1.5997404828122316e-12
7.833333333333333,1.2167445205399099e-12
7.8499999999999996,9.2417352512426057e-13
7.8666666666666663,7.0099013632869196e-13
7.8833333333333337,5.3097558361187661e-13
7.9000000000000004,4.0164415835119988e-13
7.916666666666667,3.0339793369013567e-13
7.9333333333333336,2.2886956411470514e-13
7.9500000000000002,1.7241209390452891e-13
7.9666666666666668,1.2970349239629526e-13
7.9833333333333334,9.7440583011556662e-14
8,7.3102518185570491e-14
8.0166666666666675,5.4768274837432275e-14
8.0333333333333332,4.0976045636617167e-14
8.0500000000000007,3.0615072232011992e-14
8.0666666666666664,2.2842560929891123e-14
8.0833333333333339,1.7019960803082165e-14
8.0999999999999996,1.2664165549095859e-14
8.1166666666666671,9.4102001901017833e-15
8.1333333333333329,6.9827325159262806e-15
8.1500000000000004,5.1743548593263436e-15
8.1666666666666661,3.8290520760196356e-15
8.1833333333333336,2.8296361571825185e-15
8.1999999999999993,2.0882100405791589e-15
8.2166666666666668,1.5389411870445964e-15
8.2333333333333325,1.1325936599985278e-15
8.25,8.3239696769811249e-16
8.2666666666666675,6.109295228529223e-16
8.2833333333333332,4.4777103394768547e-16
8.3000000000000007,3.2773674723610411e-16
8.3166666666666664,2.3955130560065465e-16
8.3333333333333339,1.7485425506358556e-16
8.3499999999999996,1.2745536715638005e-16
8.3666666666666671,9.2777851558372969e-17
8.3833333333333329,6.7442669861390981e-17
8.4000000000000004,4.8958652645860444e-17
8.4166666666666661,3.5491832264741526e-17
8.4333333333333336,2.5693995474282568e-17
8.4499999999999993,1.8575440702012551e-17
8.4666666666666668,1.3410682141939821e-17
8.4833333333333325,9.6686729885879708e-18
8.5,6.961248457838979e-18
8.5166666666666675,5.0050873058159159e-18
8.5333333333333332,3.593688585516521e-18
8.5500000000000007,2.5767571091549445e-18
8.5666666666666664,1.8450612402761942e-18
8.5833333333333339,1.3193266898324444e-18
8.5999999999999996,9.4210253172207812e-19
8.6166666666666671,6.7181276799175356e-19
8.6333333333333329,4.7841258551368679e-19
8.6500000000000004,3.4022106409714958e-19
8.6666666666666661,2.416150936402549e-19
8.6833333333333336,1.7135279136362376e-19
8.6999999999999993,1.2135636681258133e-19
8.7166666666666668,8.5829821318206717e-20
8.7333333333333325,6.0620304117569249e-20
8.75,4.2756512406558743e-20
8.7666666666666675,3.0115542813948092e-20
8.7833333333333332,2.1182800583809515e-20
8.8000000000000007,1.4879225305104369e-20
8.8166666666666664,1.0437140319164094e-20
8.8333333333333339,7.3111717201769703e-21
8.8499999999999996,5.1144237318037472e-21
8.8666666666666671,3.5728163139233302e-21
8.8833333333333329,2.4924642100952412e-21
8.9000000000000004,1.7364066202619329e-21
8.9166666666666661,1.208031322406342e-21
8.9333333333333336,8.3928452794080127e-22
8.9499999999999993,5.8229692815373052e-22
8.9666666666666668,4.0344472455390372e-22
8.9833333333333325,2.7914370786657845e-22
9,1.9287498479639178e-22
9.0166666666666675,1.3308472965145249e-22
9.0333333333333332,9.1703267111775466e-23
9.0500000000000007,6.3102367032200355e-23
9.0666666666666664,4.3362144480120646e-23
9.0833333333333339,2.9756381214594887e-23
9.0999999999999996,2.0391714198668646e-23
9.1166666666666671,1.3955057083328703e-23
9.1333333333333329,9.5370434001047101e-24
9.1500000000000004,6.5087885154678543e-24
9.1666666666666661,4.4359926940965491e-24
9.1833333333333336,3.0191573219340369e-24
9.1999999999999993,2.0520357625786715e-24
9.2166666666666668,1.3927987451791915e-24
9.2333333333333325,9.4405232971643823e-25
9.25,6.3901055205504071e-25
9.2666666666666675,4.3194082276278622e-25
9.2833333333333332,2.9157127273663919e-25
9.3000000000000007,1.9654838241636463e-25
9.3166666666666664,1.3231176879074619e-25
9.3333333333333339,8.8947088431593924e-26
9.3499999999999996,5.9713050464780959e-26
9.3666666666666671,4.0032345765312529e-26
9.3833333333333329,2.68013753054862e-26
9.4000000000000004,1.7918736433822261e-26
9.4166666666666661,1.1963601613346094e-26
9.4333333333333336,7.976654174723631e-27
9.4499999999999993,5.3110922496792086e-27
9.4666666666666668,3.5314347473425217e-27
9.4833333333333325,2.3448916867198892e-27
9.5,1.5548863390650064e-27
9.5166666666666675,1.0296242648793511e-27
9.5333333333333332,6.808683551516457e-28
9.5500000000000007,4.49626387246535e-28
9.5666666666666664,2.9651365051477895e-28
9.5833333333333339,1.9527284446222599e-28
9.5999999999999996,1.2842313672676196e-28
9.6166666666666671,8.4342982467342453e-29
9.6333333333333329,5.5317035134246795e-29
9.6500000000000004,3.6230397225242852e-29
9.6666666666666661,2.36969011166516e-29
9.6833333333333336,1.5477979851465927e-29
9.6999999999999993,1.0095812067304818e-29
9.7166666666666668,6.5761619238355493e-30
9.7333333333333325,4.2776771001114974e-30
9.75,2.7787390183171102e-30
9.7666666666666675,1.8025685100018112e-30
9.7833333333333332,1.1677236077196005e-30
9.8000000000000007,7.5542717008664865e-31
9.8166666666666664,4.8803323820997138e-31
9.8333333333333339,3.1485490374717129e-31
9.8499999999999996,2.0285035964895291e-31
9.8666666666666671,1.3051047261514975e-31
9.8833333333333329,8.3853115414276069e-32
9.9000000000000004,5.3801861600211382e-32
9.9166666666666661,3.4473046344127178e-32
9.9333333333333336,2.2058007671899195e-32
9.9499999999999993,1.4094743070195902e-32
9.9666666666666668,8.9939880000094677e-33
9.9833333333333325,5.7312810242149961e-33
10,3.6471646011600065e-33
